{"version":"1.4.0","project":{"name":"Progress_743f3a0f25-0b7ab2a481","directory":"/home/amarjit/Documents/Trainings/InMobi/Progress/.scala-build","workspaceDir":"/home/amarjit/Documents/Trainings/InMobi/Progress","sources":["/home/amarjit/Documents/Trainings/InMobi/Progress/02ScalaControlStructures.scala"],"dependencies":[],"classpath":["/home/amarjit/.cache/coursier/arc/https/github.com/scala/scala3/releases/download/3.7.4/scala3-3.7.4-x86_64-pc-linux.tar.gz/scala3-3.7.4-x86_64-pc-linux/maven2/org/scala-lang/scala3-library_3/3.7.4/scala3-library_3-3.7.4.jar","/home/amarjit/.cache/coursier/arc/https/github.com/scala/scala3/releases/download/3.7.4/scala3-3.7.4-x86_64-pc-linux.tar.gz/scala3-3.7.4-x86_64-pc-linux/maven2/org/scala-lang/scala-library/2.13.16/scala-library-2.13.16.jar"],"out":"/home/amarjit/Documents/Trainings/InMobi/Progress/.scala-build/.bloop/Progress_743f3a0f25-0b7ab2a481","classesDir":"/home/amarjit/Documents/Trainings/InMobi/Progress/.scala-build/Progress_743f3a0f25-0b7ab2a481/classes/main","scala":{"organization":"org.scala-lang","name":"scala-compiler","version":"3.7.4","options":["-sourceroot","/home/amarjit/Documents/Trainings/InMobi/Progress"],"jars":["/home/amarjit/.cache/coursier/arc/https/github.com/scala/scala3/releases/download/3.7.4/scala3-3.7.4-x86_64-pc-linux.tar.gz/scala3-3.7.4-x86_64-pc-linux/maven2/org/scala-lang/scala3-compiler_3/3.7.4/scala3-compiler_3-3.7.4.jar","/home/amarjit/.cache/coursier/arc/https/github.com/scala/scala3/releases/download/3.7.4/scala3-3.7.4-x86_64-pc-linux.tar.gz/scala3-3.7.4-x86_64-pc-linux/maven2/org/scala-lang/scala3-interfaces/3.7.4/scala3-interfaces-3.7.4.jar","/home/amarjit/.cache/coursier/arc/https/github.com/scala/scala3/releases/download/3.7.4/scala3-3.7.4-x86_64-pc-linux.tar.gz/scala3-3.7.4-x86_64-pc-linux/maven2/org/scala-lang/scala3-library_3/3.7.4/scala3-library_3-3.7.4.jar","/home/amarjit/.cache/coursier/arc/https/github.com/scala/scala3/releases/download/3.7.4/scala3-3.7.4-x86_64-pc-linux.tar.gz/scala3-3.7.4-x86_64-pc-linux/maven2/org/scala-lang/tasty-core_3/3.7.4/tasty-core_3-3.7.4.jar","/home/amarjit/.cache/coursier/arc/https/github.com/scala/scala3/releases/download/3.7.4/scala3-3.7.4-x86_64-pc-linux.tar.gz/scala3-3.7.4-x86_64-pc-linux/maven2/org/scala-lang/modules/scala-asm/9.8.0-scala-1/scala-asm-9.8.0-scala-1.jar","/home/amarjit/.cache/coursier/arc/https/github.com/scala/scala3/releases/download/3.7.4/scala3-3.7.4-x86_64-pc-linux.tar.gz/scala3-3.7.4-x86_64-pc-linux/maven2/org/scala-sbt/compiler-interface/1.10.7/compiler-interface-1.10.7.jar","/home/amarjit/.cache/coursier/arc/https/github.com/scala/scala3/releases/download/3.7.4/scala3-3.7.4-x86_64-pc-linux.tar.gz/scala3-3.7.4-x86_64-pc-linux/maven2/org/jline/jline-reader/3.29.0/jline-reader-3.29.0.jar","/home/amarjit/.cache/coursier/arc/https/github.com/scala/scala3/releases/download/3.7.4/scala3-3.7.4-x86_64-pc-linux.tar.gz/scala3-3.7.4-x86_64-pc-linux/maven2/org/jline/jline-terminal/3.29.0/jline-terminal-3.29.0.jar","/home/amarjit/.cache/coursier/arc/https/github.com/scala/scala3/releases/download/3.7.4/scala3-3.7.4-x86_64-pc-linux.tar.gz/scala3-3.7.4-x86_64-pc-linux/maven2/org/jline/jline-terminal-jni/3.29.0/jline-terminal-jni-3.29.0.jar","/home/amarjit/.cache/coursier/arc/https/github.com/scala/scala3/releases/download/3.7.4/scala3-3.7.4-x86_64-pc-linux.tar.gz/scala3-3.7.4-x86_64-pc-linux/maven2/org/scala-lang/scala-library/2.13.16/scala-library-2.13.16.jar","/home/amarjit/.cache/coursier/arc/https/github.com/scala/scala3/releases/download/3.7.4/scala3-3.7.4-x86_64-pc-linux.tar.gz/scala3-3.7.4-x86_64-pc-linux/maven2/org/scala-sbt/util-interface/1.10.7/util-interface-1.10.7.jar","/home/amarjit/.cache/coursier/arc/https/github.com/scala/scala3/releases/download/3.7.4/scala3-3.7.4-x86_64-pc-linux.tar.gz/scala3-3.7.4-x86_64-pc-linux/maven2/org/jline/jline-native/3.29.0/jline-native-3.29.0.jar"],"bridgeJars":["/home/amarjit/.cache/coursier/arc/https/github.com/scala/scala3/releases/download/3.7.4/scala3-3.7.4-x86_64-pc-linux.tar.gz/scala3-3.7.4-x86_64-pc-linux/maven2/org/scala-lang/scala3-sbt-bridge/3.7.4/scala3-sbt-bridge-3.7.4.jar"]},"java":{"options":[]},"platform":{"name":"jvm","config":{"home":"/usr/lib/jvm/java-1.21.0-openjdk-amd64","options":[]},"mainClass":[]},"resolution":{"modules":[{"organization":"org.scala-lang","name":"scala3-library_3","version":"3.7.4","artifacts":[{"name":"scala3-library_3","path":"/home/amarjit/.cache/coursier/arc/https/github.com/scala/scala3/releases/download/3.7.4/scala3-3.7.4-x86_64-pc-linux.tar.gz/scala3-3.7.4-x86_64-pc-linux/maven2/org/scala-lang/scala3-library_3/3.7.4/scala3-library_3-3.7.4.jar"}]},{"organization":"org.scala-lang","name":"scala-library","version":"2.13.16","artifacts":[{"name":"scala-library","path":"/home/amarjit/.cache/coursier/arc/https/github.com/scala/scala3/releases/download/3.7.4/scala3-3.7.4-x86_64-pc-linux.tar.gz/scala3-3.7.4-x86_64-pc-linux/maven2/org/scala-lang/scala-library/2.13.16/scala-library-2.13.16.jar"}]}]},"tags":["library"]}}