{
  "name": "scala",
  "argv": [
    "/home/amarjit/.cache/coursier/arc/https/github.com/scala/scala3/releases/download/3.7.4/scala3-3.7.4-x86_64-pc-linux.tar.gz/scala3-3.7.4-x86_64-pc-linux/libexec/scala-cli",
    "--cli-default-scala-version",
    "3.7.4",
    "--repository",
    "file:///home/amarjit/.cache/coursier/arc/https/github.com/scala/scala3/releases/download/3.7.4/scala3-3.7.4-x86_64-pc-linux.tar.gz/scala3-3.7.4-x86_64-pc-linux/maven2",
    "--prog-name",
    "scala",
    "--skip-cli-updates",
    "bsp",
    "--json-options",
    "/home/amarjit/Documents/Trainings/InMobi/Progress/.scala-build/ide-options-v2.json",
    "--json-launcher-options",
    "/home/amarjit/Documents/Trainings/InMobi/Progress/.scala-build/ide-launcher-options.json",
    "--envs-file",
    "/home/amarjit/Documents/Trainings/InMobi/Progress/.scala-build/ide-envs.json",
    "/home/amarjit/Documents/Trainings/InMobi/Progress/01ScalaNature.scala"
  ],
  "version": "1.9.1",
  "bspVersion": "2.1.1",
  "languages": [
    "scala",
    "java"
  ]
}